adt	gene	note
CD1a	CD1A	
CD1c	CD1C	
CD1d	CD1D	
CD2	CD2	
CD3	CD3E	
CD4	CD4	
CD5	CD5	
CD7	CD7	
CD8	CD8A	
CD8a	CD8A	
CD9	CD9	
CD10	MME	
CD11a	ITGAL	
CD11b	ITGAM	
CD11c	ITGAX	
CD13	ANPEP	
CD14	CD14	
CD16	FCGR3A	
CD18	ITGB2	
CD19	CD19	
CD20	MS4A1	
CD21	CR2	
CD22	CD22	
CD23	FCER2	
CD24	CD24	
CD25	IL2RA	
CD26	DPP4	
CD27	CD27	
CD28	CD28	
CD29	ITGB1	
CD31	PECAM1	
CD32	FCGR2A	
CD33	CD33	
CD34	CD34	
CD35	CR1	
CD36	CD36	
CD38	CD38	
CD39	ENTPD1	
CD40	CD40	
CD41	ITGA2B	
CD42b	GP1BA	
CD44	CD44	
CD45	PTPRC	pan
CD45RA	PTPRC	splice_isoform
CD45RO	PTPRC	splice_isoform
CD47	CD47	
CD48	CD48	
CD49a	ITGA1	
CD49b	ITGA2	
CD49d	ITGA4	
CD49f	ITGA6	
CD52	CD52	
CD54	ICAM1	
CD55	CD55	
CD56	NCAM1	
CD57	B3GAT1	
CD58	CD58	
CD62L	SELL	
CD62P	SELP	
CD64	FCGR1A	
CD69	CD69	
CD71	TFRC	IRE_3UTR
CD73	NT5E	
CD79b	CD79B	
CD80	CD80	
CD81	CD81	
CD82	CD82	
CD83	CD83	
CD85j	LILRB1	
CD86	CD86	
CD88	C5AR1	
CD94	KLRD1	
CD95	FAS	
CD99	CD99	
CD101	CD101	
CD103	ITGAE	
CD105	ENG	
CD107a	LAMP1	
CD112	NECTIN2	
CD117	KIT	
CD119	IFNGR1	
CD122	IL2RB	
CD123	IL3RA	
CD124	IL4R	
CD127	IL7R	
CD133	PROM1	
CD134	TNFRSF4	vesicular
CD137	TNFRSF9	
CD138	SDC1	
CD141	THBD	
CD146	MCAM	
CD152	CTLA4	vesicular
CD154	CD40LG	vesicular
CD155	PVR	
CD158b	KIR2DL3	
CD161	KLRB1	
CD163	CD163	
CD169	SIGLEC1	
CD183	CXCR3	
CD185	CXCR5	
CD194	CCR4	
CD195	CCR5	
CD196	CCR6	
CD197	CCR7	
CD223	LAG3	
CD224	GGT1	
CD226	CD226	
CD244	CD244	
CD267	TNFRSF13B	
CD268	TNFRSF13C	
CD269	TNFRSF17	
CD270	TNFRSF14	
CD272	BTLA	
CD273	PDCD1LG2	
CD274	CD274	
CD278	ICOS	
CD279	PDCD1	
CD294	PTGDR2	
CD303	CLEC4C	
CD304	NRP1	
CD314	KLRK1	
CD319	SLAMF7	
CD328	SIGLEC7	
CD335	NCR1	
CD337	NCR3	
CD352	SLAMF6	
CCR4	CCR4	
CCR5	CCR5	
CCR6	CCR6	
CCR7	CCR7	
CXCR3	CXCR3	
CXCR5	CXCR5	
CX3CR1	CX3CR1	
HLA-DR	HLA-DRA	
HLA-E	HLA-E	
IgD	IGHD	
IgM	IGHM	
KLRG1	KLRG1	
TIGIT	TIGIT	
TIM-3	HAVCR2	
FceRIa	FCER1A	
CLEC12A	CLEC12A	
GPR56	ADGRG1	
LOX-1	OLR1	
Integrin-7	ITGB7	
